articles_count,authors,classification,dependencies,description,homepage,id,keywords,license_terms,name,operating_systems,orms_id,programming_languages,related_software,source_code,standard_articles,zbmath_url
106,"Li, X.S., Demmel, J.W.",35;65;68;74;76;05;15;60;78;80;81;82;85;86;90;92,,zbMATH Open Web Interface contents unavailable due to conflicting licenses.,http://crd-legacy.lbl.gov/~xiaoye/SuperLU/,2,orms,,SuperLU-DIST,,265,,"Dict{Symbol, Any}(:id => 4013, :name => ""MUMPS"");Dict{Symbol, Any}(:id => 4012, :name => ""PETSc"");Dict{Symbol, Any}(:id => 930, :name => ""SuperLU"");Dict{Symbol, Any}(:id => 4629, :name => ""SparseMatrix"");Dict{Symbol, Any}(:id => 503, :name => ""LAPACK"");Dict{Symbol, Any}(:id => 679, :name => ""PARDISO"");Dict{Symbol, Any}(:id => 426, :name => ""hypre"");Dict{Symbol, Any}(:id => 989, :name => ""UMFPACK"");Dict{Symbol, Any}(:id => 4089, :name => ""METIS"");Dict{Symbol, Any}(:id => 4028, :name => ""Trilinos"");Dict{Symbol, Any}(:id => 830, :name => ""ScaLAPACK"");Dict{Symbol, Any}(:id => 6749, :name => ""WSMP"");Dict{Symbol, Any}(:id => 4827, :name => ""mctoolbox"");Dict{Symbol, Any}(:id => 7818, :name => ""Scotch"");Dict{Symbol, Any}(:id => 418, :name => ""HSL"");Dict{Symbol, Any}(:id => 3216, :name => ""BLAS"");Dict{Symbol, Any}(:id => 9043, :name => ""MFEM"");Dict{Symbol, Any}(:id => 8067, :name => ""ML"");Dict{Symbol, Any}(:id => 2780, :name => ""SPIKE"");Dict{Symbol, Any}(:id => 6496, :name => ""MPI"")",,"Dict{Symbol, Any}(:year => ""2003"", :authors => Any[], :id => 2187846, :title => ""zbMATH Open Web Interface contents unavailable due to conflicting licenses."", :source => ""zbMATH Open Web Interface contents unavailable due to conflicting licenses."")",https://zbmath.org/software/2
1,"Bobkov, V.F.",65;76,,zbMATH Open Web Interface contents unavailable due to conflicting licenses.,http://www.mathnet.ru/php/archive.phtml?wshow=paper&amp;jrnid=mm&amp;paperid=1110&amp;option_lang=eng,3,numerical methods;mesh generation and refinement;unstructured grids;program package;Euler equations;Navier-Stokes equations;aero- acoustics,,WHISPAR,,,,,,,https://zbmath.org/software/3
9,"R. Ramis, J. Meyer-ter-Vehn, J. Ram&iacute;rez",35;65;76;78;80,,zbMATH Open Web Interface contents unavailable due to conflicting licenses.,http://cpc.cs.qub.ac.uk/summaries/AECV_v1_0.html,4,Inertial Confinement;Radiative Transfer;Lagrangian Hydrodynamics;Plasma Physics.,,MULTI2D,Linux/Unix.,,C.,"Dict{Symbol, Any}(:id => 9029, :name => ""CHIC"");Dict{Symbol, Any}(:id => 3107, :name => ""ZEUS"");Dict{Symbol, Any}(:id => 24041, :name => ""GTEngine"");Dict{Symbol, Any}(:id => 18055, :name => ""CASMO"");Dict{Symbol, Any}(:id => 4028, :name => ""Trilinos"");Dict{Symbol, Any}(:id => 31508, :name => ""MACH2"");Dict{Symbol, Any}(:id => 17500, :name => ""FLASH"");Dict{Symbol, Any}(:id => 19076, :name => ""HYADES"");Dict{Symbol, Any}(:id => 16786, :name => ""TRHD"");Dict{Symbol, Any}(:id => 7607, :name => ""RAGE"");Dict{Symbol, Any}(:id => 12465, :name => ""Maxis"");Dict{Symbol, Any}(:id => 7890, :name => ""Triangle"")",,"Dict{Symbol, Any}(:year => ""2009"", :authors => Any[], :id => 5812948, :title => ""zbMATH Open Web Interface contents unavailable due to conflicting licenses."", :source => ""zbMATH Open Web Interface contents unavailable due to conflicting licenses."")",https://zbmath.org/software/4
127,"Pozrikidis, C.",35;65;74;76;92;37;41;45;49;68;70;78;80;81;82;83;86;93;97,FDLIB,zbMATH Open Web Interface contents unavailable due to conflicting licenses.,http://dehesa.freeshell.org/BEMLIB/,5,boundary element method;textbook;Green's functions;Laplace equation;boundary integral representation;integral equation;dual reciprocity method;viscous flow;software library BEMLIB;Helmholtz's equation;Stokes flow;boundary integral methods,,BEMLIB,,,,"Dict{Symbol, Any}(:id => 1160, :name => ""SERBA"");Dict{Symbol, Any}(:id => 22960, :name => ""Travis CI"");Dict{Symbol, Any}(:id => 4968, :name => ""DLMF"");Dict{Symbol, Any}(:id => 23170, :name => ""GitHub"");Dict{Symbol, Any}(:id => 558, :name => ""Matlab"");Dict{Symbol, Any}(:id => 12596, :name => ""NOSA-ITACA"");Dict{Symbol, Any}(:id => 25510, :name => ""RIM_DOM.F90"");Dict{Symbol, Any}(:id => 11527, :name => ""quadgk"");Dict{Symbol, Any}(:id => 43767, :name => ""quadva"");Dict{Symbol, Any}(:id => 4091, :name => ""COMSOL"");Dict{Symbol, Any}(:id => 12294, :name => ""FELICITY"");Dict{Symbol, Any}(:id => 646, :name => ""Octave"");Dict{Symbol, Any}(:id => 4317, :name => ""OpenFOAM"");Dict{Symbol, Any}(:id => 12766, :name => ""DistMesh"");Dict{Symbol, Any}(:id => 13557, :name => ""El-Topo"");Dict{Symbol, Any}(:id => 4429, :name => ""spatstat"");Dict{Symbol, Any}(:id => 4012, :name => ""PETSc"");Dict{Symbol, Any}(:id => 22560, :name => ""CPT"");Dict{Symbol, Any}(:id => 4462, :name => ""SC Toolbox"");Dict{Symbol, Any}(:id => 833, :name => ""Schwarz-Christoffel"")",,"Dict{Symbol, Any}(:year => ""2002"", :authors => Any[], :id => 1852568, :title => ""zbMATH Open Web Interface contents unavailable due to conflicting licenses."", :source => ""zbMATH Open Web Interface contents unavailable due to conflicting licenses."")",https://zbmath.org/software/5
37,"Engelman, Michael S.",35;65;76;80;92;74;82;86,None,zbMATH Open Web Interface contents unavailable due to conflicting licenses.,http://www.sciencedirect.com/science/article/pii/0141119582900201,6,steady state or transient;two-dimensional;axi-symmetric or three- dimensional;complex geometries;heat transfer,None,FIDAP,None,,None,"Dict{Symbol, Any}(:id => 7692, :name => ""SPARSKIT"");Dict{Symbol, Any}(:id => 4031, :name => ""ITSOL"");Dict{Symbol, Any}(:id => 7245, :name => ""ILUS"");Dict{Symbol, Any}(:id => 7204, :name => ""FLAC"");Dict{Symbol, Any}(:id => 8734, :name => ""ILUT"");Dict{Symbol, Any}(:id => 1175, :name => ""ADINA"");Dict{Symbol, Any}(:id => 8700, :name => ""NACHOS"");Dict{Symbol, Any}(:id => 1208, :name => ""ELLPACK"");Dict{Symbol, Any}(:id => 7244, :name => ""ILUM"");Dict{Symbol, Any}(:id => 12613, :name => ""ParPre"");Dict{Symbol, Any}(:id => 9677, :name => ""Wesseling"");Dict{Symbol, Any}(:id => 4015, :name => ""BILUM"");Dict{Symbol, Any}(:id => 503, :name => ""LAPACK"");Dict{Symbol, Any}(:id => 2177, :name => ""DQGMRES"");Dict{Symbol, Any}(:id => 1455, :name => ""P-SPARSLIB"");Dict{Symbol, Any}(:id => 5807, :name => ""BPKit"");Dict{Symbol, Any}(:id => 31920, :name => ""SLEST"");Dict{Symbol, Any}(:id => 8566, :name => ""symrcm"");Dict{Symbol, Any}(:id => 4273, :name => ""PVM"");Dict{Symbol, Any}(:id => 4255, :name => ""ENTWIFE"")",,"Dict{Symbol, Any}(:year => ""1982"", :authors => Any[], :id => 3775087, :title => ""zbMATH Open Web Interface contents unavailable due to conflicting licenses."", :source => ""zbMATH Open Web Interface contents unavailable due to conflicting licenses."")",https://zbmath.org/software/6
4,"Navon, I.M.;Riphagen, H.A.",35;65;68;76,,zbMATH Open Web Interface contents unavailable due to conflicting licenses.,http://people.sc.fsu.edu/~inavon/pubs1/exshall4.pdf,7,implicit compact fourth-order Fortran program;shallow-water equations;conservation-law form,,SHALL 4,,,,"Dict{Symbol, Any}(:id => 24948, :name => ""FDL3DI"")",,"Dict{Symbol, Any}(:year => ""1981"", :authors => Any[], :id => 3742857, :title => ""zbMATH Open Web Interface contents unavailable due to conflicting licenses."", :source => ""zbMATH Open Web Interface contents unavailable due to conflicting licenses."")",https://zbmath.org/software/7
5,"Michelotti, Leo",26;65;68,,zbMATH Open Web Interface contents unavailable due to conflicting licenses.,http://www-bd.fnal.gov/pdriver/booster/meetings/michelotti.pdf,8,nstd;MXYZPTLK;automatic differentiation;fully functional elements of the language;implementations;C++,,MXYZPTLK,,,,"Dict{Symbol, Any}(:id => 19, :name => ""ADOL-C"");Dict{Symbol, Any}(:id => 2185, :name => ""ADIFOR"");Dict{Symbol, Any}(:id => 4001, :name => ""AMPL"");Dict{Symbol, Any}(:id => 7492, :name => ""TAF"");Dict{Symbol, Any}(:id => 6647, :name => ""ADiMat"");Dict{Symbol, Any}(:id => 4866, :name => ""CppAD"");Dict{Symbol, Any}(:id => 4863, :name => ""FADBAD++"");Dict{Symbol, Any}(:id => 3392, :name => ""ADIC"");Dict{Symbol, Any}(:id => 667, :name => ""PADRE2"");Dict{Symbol, Any}(:id => 385, :name => ""GRESS"");Dict{Symbol, Any}(:id => 7788, :name => ""JAKEF"");Dict{Symbol, Any}(:id => 1234, :name => ""L-BFGS-B"");Dict{Symbol, Any}(:id => 7473, :name => ""CompAD"");Dict{Symbol, Any}(:id => 21105, :name => ""ImageNet"");Dict{Symbol, Any}(:id => 17848, :name => ""cuDNN"");Dict{Symbol, Any}(:id => 38522, :name => ""AlexNet"");Dict{Symbol, Any}(:id => 15170, :name => ""TensorFlow"");Dict{Symbol, Any}(:id => 22204, :name => ""RMSprop"");Dict{Symbol, Any}(:id => 22076, :name => ""Tangent"");Dict{Symbol, Any}(:id => 43468, :name => ""NUTS"")",,"Dict{Symbol, Any}(:year => ""1991"", :authors => Any[], :id => 140031, :title => ""zbMATH Open Web Interface contents unavailable due to conflicting licenses."", :source => ""zbMATH Open Web Interface contents unavailable due to conflicting licenses."")",https://zbmath.org/software/8
11,"Buttari, Alfredo;D'Ambra, Pasqua;di Serafino, Daniela;Filippone, Salvatore",49;65;68;76,,zbMATH Open Web Interface contents unavailable due to conflicting licenses.,http://www.mld2p4.it/index.php,9,parallel numerical software;algebraic two-level preconditioners;sparse linear algebra;numerical examples;domain decomposition;additive Schwarz preconditioners;large-scale linear systems,,2LEV-D2P4,,,,"Dict{Symbol, Any}(:id => 7206, :name => ""MLD2P4"");Dict{Symbol, Any}(:id => 4026, :name => ""PSBLAS"");Dict{Symbol, Any}(:id => 86, :name => ""BoomerAMG"");Dict{Symbol, Any}(:id => 4028, :name => ""Trilinos"");Dict{Symbol, Any}(:id => 12976, :name => ""SParC-LES"");Dict{Symbol, Any}(:id => 426, :name => ""hypre"");Dict{Symbol, Any}(:id => 989, :name => ""UMFPACK"");Dict{Symbol, Any}(:id => 27182, :name => ""BootCMatch"");Dict{Symbol, Any}(:id => 8067, :name => ""ML"");Dict{Symbol, Any}(:id => 6496, :name => ""MPI"");Dict{Symbol, Any}(:id => 8578, :name => ""BLACS"");Dict{Symbol, Any}(:id => 13440, :name => ""AmgX"");Dict{Symbol, Any}(:id => 3258, :name => ""CUDA"");Dict{Symbol, Any}(:id => 39030, :name => ""BootCMatchG"");Dict{Symbol, Any}(:id => 23170, :name => ""GitHub"");Dict{Symbol, Any}(:id => 8539, :name => ""Alya"");Dict{Symbol, Any}(:id => 4012, :name => ""PETSc"");Dict{Symbol, Any}(:id => 930, :name => ""SuperLU"");Dict{Symbol, Any}(:id => 3216, :name => ""BLAS"");Dict{Symbol, Any}(:id => 683, :name => ""pARMS"")",,"Dict{Symbol, Any}(:year => ""2007"", :authors => Any[], :id => 5187737, :title => ""zbMATH Open Web Interface contents unavailable due to conflicting licenses."", :source => ""zbMATH Open Web Interface contents unavailable due to conflicting licenses."")",https://zbmath.org/software/9
0,"David Eck, Hermann Karcher, Richard Palais 3D-XplorMath Consortium",,NO,zbMATH Open Web Interface contents unavailable due to conflicting licenses.,http://3D-XplorMath.org,10,orms,,3D-XplorMath,,299,,,,,https://zbmath.org/software/10
2,"B.C. Garrett, G.C. Lynch, T.C. Allison, D.G. Truhlar",80;81;92,,zbMATH Open Web Interface contents unavailable due to conflicting licenses.,http://comp.chem.umn.edu/abcrate/,11,,Persons requesting the program for academic or non-profit usemust sign the standard CPC non-profit use license (see license agreement printed in the firstissue of every volume); or the license form is available at the URL mentioned above.Persons interested in a for-profit (commercial) license may also use the license formavailable at the URL mentioned above.,ABCRATE,"UNICOS 8.0.3 (Cray Y-MPC90), IRIX 6.2 (IRIS), and AIX 4.1 (IBM)",,FORTRAN 77,"Dict{Symbol, Any}(:id => 8277, :name => ""POLYRATE"");Dict{Symbol, Any}(:id => 8280, :name => ""VENUS96"");Dict{Symbol, Any}(:id => 8279, :name => ""VARIFLEX"");Dict{Symbol, Any}(:id => 8278, :name => ""POTLIB"");Dict{Symbol, Any}(:id => 227, :name => ""Dynasol"")",,"Dict{Symbol, Any}(:year => ""1998"", :authors => Any[], :id => 1328220, :title => ""zbMATH Open Web Interface contents unavailable due to conflicting licenses."", :source => ""zbMATH Open Web Interface contents unavailable due to conflicting licenses."")",https://zbmath.org/software/11
1,"Roger C. Clarka, John S. Reidb",60;65;78;82,,zbMATH Open Web Interface contents unavailable due to conflicting licenses.,http://www.ingentaconnect.com/content/els/00104655/1998/00000111/00000001/art00015,12,Howells polyhedra;X-ray scattering;absorption;multifaced convex crystals,,ABSFAC,Unix.,,FORTRAN,,,"Dict{Symbol, Any}(:year => ""1998"", :authors => Any[], :id => 1328285, :title => ""zbMATH Open Web Interface contents unavailable due to conflicting licenses."", :source => ""zbMATH Open Web Interface contents unavailable due to conflicting licenses."")",https://zbmath.org/software/12
7,"Eble, Ingo;Neher, Markus",30;33;34;65;68;26,,zbMATH Open Web Interface contents unavailable due to conflicting licenses.,http://dl.acm.org/citation.cfm?id=838252,14,,,ACETAF,,,,"Dict{Symbol, Any}(:id => 4705, :name => ""INTOPT_90"");Dict{Symbol, Any}(:id => 6459, :name => ""filib++"");Dict{Symbol, Any}(:id => 182, :name => ""C-XSC 2.0"");Dict{Symbol, Any}(:id => 6724, :name => ""GlobSol"");Dict{Symbol, Any}(:id => 4004, :name => ""INTLAB"");Dict{Symbol, Any}(:id => 32569, :name => ""ore_algebra"");Dict{Symbol, Any}(:id => 7822, :name => ""Arb"");Dict{Symbol, Any}(:id => 6716, :name => ""NumGfun"");Dict{Symbol, Any}(:id => 6664, :name => ""TIDES"");Dict{Symbol, Any}(:id => 4968, :name => ""DLMF"");Dict{Symbol, Any}(:id => 7741, :name => ""ISOLATE"");Dict{Symbol, Any}(:id => 7711, :name => ""Cosy"");Dict{Symbol, Any}(:id => 6580, :name => ""HOL Light"");Dict{Symbol, Any}(:id => 4865, :name => ""TADIFF"");Dict{Symbol, Any}(:id => 11505, :name => ""na20"");Dict{Symbol, Any}(:id => 8896, :name => ""Asyrec"");Dict{Symbol, Any}(:id => 344, :name => ""gfun"");Dict{Symbol, Any}(:id => 5310, :name => ""minpack"");Dict{Symbol, Any}(:id => 558, :name => ""Matlab"");Dict{Symbol, Any}(:id => 442, :name => ""INTBIS"")",,"Dict{Symbol, Any}(:year => ""2003"", :authors => Any[], :id => 2187852, :title => ""zbMATH Open Web Interface contents unavailable due to conflicting licenses."", :source => ""zbMATH Open Web Interface contents unavailable due to conflicting licenses."")",https://zbmath.org/software/14
49,"Walter, Wolfgang V.",34;35;65;68;90;12;15;26;30;33;62;74;76;78;80;91;93,,zbMATH Open Web Interface contents unavailable due to conflicting licenses.,http://www2.math.uni-wuppertal.de/~xsc/xsc/history.html,15,programming language ACRITH-XSC;numerical algorithms;FORTRAN 77;interval arithmetic;exact dot product,,ACRITH-XSC,,,,"Dict{Symbol, Any}(:id => 181, :name => ""C-XSC"");Dict{Symbol, Any}(:id => 182, :name => ""C-XSC 2.0"");Dict{Symbol, Any}(:id => 18863, :name => ""PASCAL-XSC"");Dict{Symbol, Any}(:id => 444, :name => ""INTLIB"");Dict{Symbol, Any}(:id => 442, :name => ""INTBIS"");Dict{Symbol, Any}(:id => 4004, :name => ""INTLAB"");Dict{Symbol, Any}(:id => 305, :name => ""FORTRAN-SC"");Dict{Symbol, Any}(:id => 19, :name => ""ADOL-C"");Dict{Symbol, Any}(:id => 3216, :name => ""BLAS"");Dict{Symbol, Any}(:id => 306, :name => ""FORTRAN-XSC"");Dict{Symbol, Any}(:id => 8017, :name => ""Algorithm 693"");Dict{Symbol, Any}(:id => 1007, :name => ""VPI"");Dict{Symbol, Any}(:id => 4827, :name => ""mctoolbox"");Dict{Symbol, Any}(:id => 733, :name => ""PROFIL/BIAS"");Dict{Symbol, Any}(:id => 688, :name => ""PCOMP"");Dict{Symbol, Any}(:id => 9276, :name => ""INTPAK"");Dict{Symbol, Any}(:id => 545, :name => ""Maple"");Dict{Symbol, Any}(:id => 500, :name => ""LANCELOT"");Dict{Symbol, Any}(:id => 2117, :name => ""AQUARELS"");Dict{Symbol, Any}(:id => 13183, :name => ""Algorithm 719"")",,"Dict{Symbol, Any}(:year => ""1993"", :authors => Any[], :id => 434844, :title => ""zbMATH Open Web Interface contents unavailable due to conflicting licenses."", :source => ""zbMATH Open Web Interface contents unavailable due to conflicting licenses."")",https://zbmath.org/software/15
1,"Ahmad, Raheel;Rahimi, Shahram",68,,zbMATH Open Web Interface contents unavailable due to conflicting licenses.,http://www2.cs.siu.edu/~rahimi/papers/17.pdf,16,process calculi;reactive systems;APi-calculus;software agents,,ACVisualizer,,,,"Dict{Symbol, Any}(:id => 7002, :name => ""CLIPS"");Dict{Symbol, Any}(:id => 4395, :name => ""MWB"")",,"Dict{Symbol, Any}(:year => ""2008"", :authors => Any[], :id => 5375606, :title => ""zbMATH Open Web Interface contents unavailable due to conflicting licenses."", :source => ""zbMATH Open Web Interface contents unavailable due to conflicting licenses."")",https://zbmath.org/software/16
6,Christian W. Straka,65;68;91,,zbMATH Open Web Interface contents unavailable due to conflicting licenses.,http://cpc.cs.qub.ac.uk/summaries/ADVI_v1_0.html,17,Automatic differentiation;Derivatives;FORTRAN 95;Implicit Solvers.,,ADF95,all platforms with a FORTRAN 95 compiler.,,FORTRAN 95.,"Dict{Symbol, Any}(:id => 2185, :name => ""ADIFOR"");Dict{Symbol, Any}(:id => 19, :name => ""ADOL-C"");Dict{Symbol, Any}(:id => 7711, :name => ""Cosy"");Dict{Symbol, Any}(:id => 4864, :name => ""ADMAT"");Dict{Symbol, Any}(:id => 4168, :name => ""Autodiff"");Dict{Symbol, Any}(:id => 3392, :name => ""ADIC"");Dict{Symbol, Any}(:id => 20, :name => ""ADOL-F"");Dict{Symbol, Any}(:id => 25242, :name => ""Deriva"");Dict{Symbol, Any}(:id => 25241, :name => ""JAutoDiff"");Dict{Symbol, Any}(:id => 25240, :name => ""OGOLEM"");Dict{Symbol, Any}(:id => 19695, :name => ""ADiJaC"");Dict{Symbol, Any}(:id => 9380, :name => ""OpenAD/F"");Dict{Symbol, Any}(:id => 9122, :name => ""Soot"");Dict{Symbol, Any}(:id => 7198, :name => ""TAMC"");Dict{Symbol, Any}(:id => 6647, :name => ""ADiMat"");Dict{Symbol, Any}(:id => 6598, :name => ""TAPENADE"");Dict{Symbol, Any}(:id => 4866, :name => ""CppAD"");Dict{Symbol, Any}(:id => 4863, :name => ""FADBAD++"");Dict{Symbol, Any}(:id => 4751, :name => ""MINPACK-2"");Dict{Symbol, Any}(:id => 802, :name => ""revolve"")",,"Dict{Symbol, Any}(:year => ""2005"", :authors => Any[], :id => 5801494, :title => ""zbMATH Open Web Interface contents unavailable due to conflicting licenses."", :source => ""zbMATH Open Web Interface contents unavailable due to conflicting licenses."")",https://zbmath.org/software/17
269,"Andrea Walther, Andreas Kowarz, Andreas Griewank",49;65;68;76;90;00;05;15;17;26;33;34;35;37;41;45;47;58;60;62;70;74;78;80;82;83;86;91;92;93;94;97,,zbMATH Open Web Interface contents unavailable due to conflicting licenses.,https://projects.coin-or.org/ADOL-C,19,orms;differentiation;automatic differentiation;computational differentiation;C;C++,,ADOL-C,,291,,"Dict{Symbol, Any}(:id => 2185, :name => ""ADIFOR"");Dict{Symbol, Any}(:id => 6598, :name => ""TAPENADE"");Dict{Symbol, Any}(:id => 3392, :name => ""ADIC"");Dict{Symbol, Any}(:id => 7492, :name => ""TAF"");Dict{Symbol, Any}(:id => 558, :name => ""Matlab"");Dict{Symbol, Any}(:id => 4863, :name => ""FADBAD++"");Dict{Symbol, Any}(:id => 927, :name => ""SUNDIALS"");Dict{Symbol, Any}(:id => 4808, :name => ""Ipopt"");Dict{Symbol, Any}(:id => 4012, :name => ""PETSc"");Dict{Symbol, Any}(:id => 7198, :name => ""TAMC"");Dict{Symbol, Any}(:id => 4866, :name => ""CppAD"");Dict{Symbol, Any}(:id => 503, :name => ""LAPACK"");Dict{Symbol, Any}(:id => 4001, :name => ""AMPL"");Dict{Symbol, Any}(:id => 802, :name => ""revolve"");Dict{Symbol, Any}(:id => 23170, :name => ""GitHub"");Dict{Symbol, Any}(:id => 4028, :name => ""Trilinos"");Dict{Symbol, Any}(:id => 4864, :name => ""ADMAT"");Dict{Symbol, Any}(:id => 4013, :name => ""MUMPS"");Dict{Symbol, Any}(:id => 3516, :name => ""deal.ii"");Dict{Symbol, Any}(:id => 19684, :name => ""CoDiPack"")",,"Dict{Symbol, Any}(:year => ""2003"", :authors => Any[], :id => 5826943, :title => ""zbMATH Open Web Interface contents unavailable due to conflicting licenses."", :source => ""zbMATH Open Web Interface contents unavailable due to conflicting licenses."")",https://zbmath.org/software/19
10,"Shiriaev, Dmitri;Griewank, Andreas",34;65;68;74;76;00;37;70;94,,zbMATH Open Web Interface contents unavailable due to conflicting licenses.,http://citeseerx.ist.psu.edu/viewdoc/download?doi=10.1.1.45.7504&rep=rep1&type=pdf,20,forward mode;reverse mode;Taylor coefficients;overloading;automatic differentiation by overloading in Fortran;package ADOL-F;higher derivatives of vector functions;Fortran 90/77,,ADOL-F,,,,"Dict{Symbol, Any}(:id => 2185, :name => ""ADIFOR"");Dict{Symbol, Any}(:id => 19, :name => ""ADOL-C"");Dict{Symbol, Any}(:id => 3392, :name => ""ADIC"");Dict{Symbol, Any}(:id => 4863, :name => ""FADBAD++"");Dict{Symbol, Any}(:id => 7198, :name => ""TAMC"");Dict{Symbol, Any}(:id => 385, :name => ""GRESS"");Dict{Symbol, Any}(:id => 12526, :name => ""AD01"");Dict{Symbol, Any}(:id => 667, :name => ""PADRE2"");Dict{Symbol, Any}(:id => 6647, :name => ""ADiMat"");Dict{Symbol, Any}(:id => 4864, :name => ""ADMAT"");Dict{Symbol, Any}(:id => 10822, :name => ""FEAPpv"");Dict{Symbol, Any}(:id => 40754, :name => ""Spalart-Allmaras"");Dict{Symbol, Any}(:id => 12528, :name => ""DAFOR"");Dict{Symbol, Any}(:id => 7492, :name => ""TAF"");Dict{Symbol, Any}(:id => 4707, :name => ""Genocop"");Dict{Symbol, Any}(:id => 12533, :name => ""Odyssee"");Dict{Symbol, Any}(:id => 25242, :name => ""Deriva"");Dict{Symbol, Any}(:id => 25241, :name => ""JAutoDiff"");Dict{Symbol, Any}(:id => 25240, :name => ""OGOLEM"");Dict{Symbol, Any}(:id => 19695, :name => ""ADiJaC"")",,"Dict{Symbol, Any}(:year => ""1996"", :authors => Any[], :id => 992839, :title => ""zbMATH Open Web Interface contents unavailable due to conflicting licenses."", :source => ""zbMATH Open Web Interface contents unavailable due to conflicting licenses."")",https://zbmath.org/software/20
12,"Gutwenger, Carsten;Jünger, Michael;Klau, Gunnar W.;Leipert, Sebastian;Mutzel, Petra;Weiskircher, René",05;35;37;68;70;14;17;22;34;52;53;65;81;90;97,,zbMATH Open Web Interface contents unavailable due to conflicting licenses.,http://domino.mpi-inf.mpg.de/internet/reports.nsf/c125634c000710cd80255ef200387b6e/20feb2326b6ef54dc125651d00342a5d!OpenDocument,22,,,AGD,,,,"Dict{Symbol, Any}(:id => 2948, :name => ""ABACUS"");Dict{Symbol, Any}(:id => 509, :name => ""LEDA"");Dict{Symbol, Any}(:id => 13548, :name => ""ViSta"");Dict{Symbol, Any}(:id => 13547, :name => ""CrocoCosmos"");Dict{Symbol, Any}(:id => 13546, :name => ""GDS"");Dict{Symbol, Any}(:id => 13545, :name => ""WilmaScope"");Dict{Symbol, Any}(:id => 7464, :name => ""Tulip"");Dict{Symbol, Any}(:id => 7462, :name => ""BioPath"");Dict{Symbol, Any}(:id => 4393, :name => ""DBdraw"");Dict{Symbol, Any}(:id => 3707, :name => ""Pajek"");Dict{Symbol, Any}(:id => 1484, :name => ""yFiles"");Dict{Symbol, Any}(:id => 1283, :name => ""Graphviz"");Dict{Symbol, Any}(:id => 4391, :name => ""GDToolkit"")",,"Dict{Symbol, Any}(:year => ""2002"", :authors => Any[], :id => 2084313, :title => ""zbMATH Open Web Interface contents unavailable due to conflicting licenses."", :source => ""zbMATH Open Web Interface contents unavailable due to conflicting licenses."")",https://zbmath.org/software/22
14,"Koci\'c, Ljubi\v{s}a M.",03;28;37;68;76;34;42;46;47;60;65;92,,zbMATH Open Web Interface contents unavailable due to conflicting licenses.,http://operator.pmf.ni.ac.rs/www/pmf/publikacije/filomat/Dokumenta/15-32.pdf,23,iterated function systems;fractal images,,AIFS,,,,,,"Dict{Symbol, Any}(:year => ""2001"", :authors => Any[], :id => 5826855, :title => ""zbMATH Open Web Interface contents unavailable due to conflicting licenses."", :source => ""zbMATH Open Web Interface contents unavailable due to conflicting licenses."")",https://zbmath.org/software/23
1,"Afanas’ev, K.E.;Korotkov, G.G.;Dolaev, R.R.",76,,zbMATH Open Web Interface contents unavailable due to conflicting licenses.,http://w.ict.nsc.ru/jct/annotation/205?l=eng,24,,,Akord,,,,,,,https://zbmath.org/software/24
86,"Schmidt, A.;Siebert, K.G.",35;65;74;76;78;05;16;17;18;41;49;53;68;80;82;85;90;92;94,,zbMATH Open Web Interface contents unavailable due to conflicting licenses.,http://www.alberta-fem.de/,25,mesh refinement;error control;ALBERT;adaptive methods,,ALBERT,,,,"Dict{Symbol, Any}(:id => 1061, :name => ""ALBERTA"");Dict{Symbol, Any}(:id => 1436, :name => ""FreeFem++"");Dict{Symbol, Any}(:id => 4012, :name => ""PETSc"");Dict{Symbol, Any}(:id => 4596, :name => ""UG"");Dict{Symbol, Any}(:id => 717, :name => ""PLTMG"");Dict{Symbol, Any}(:id => 426, :name => ""hypre"");Dict{Symbol, Any}(:id => 6679, :name => ""Netgen"");Dict{Symbol, Any}(:id => 4441, :name => ""SAMRAI"");Dict{Symbol, Any}(:id => 4325, :name => ""PVODE"");Dict{Symbol, Any}(:id => 4323, :name => ""KINSOL"");Dict{Symbol, Any}(:id => 4112, :name => ""RODAS"");Dict{Symbol, Any}(:id => 927, :name => ""SUNDIALS"");Dict{Symbol, Any}(:id => 7890, :name => ""Triangle"");Dict{Symbol, Any}(:id => 4046, :name => ""TetGen"");Dict{Symbol, Any}(:id => 4218, :name => ""ARPACK"");Dict{Symbol, Any}(:id => 3516, :name => ""deal.ii"");Dict{Symbol, Any}(:id => 16046, :name => ""IIMPACK"");Dict{Symbol, Any}(:id => 12629, :name => ""bamg"");Dict{Symbol, Any}(:id => 12624, :name => ""LYAPACK"");Dict{Symbol, Any}(:id => 18062, :name => ""AFEM"")",,"Dict{Symbol, Any}(:year => ""2001"", :authors => Any[], :id => 1748280, :title => ""zbMATH Open Web Interface contents unavailable due to conflicting licenses."", :source => ""zbMATH Open Web Interface contents unavailable due to conflicting licenses."")",https://zbmath.org/software/25
3,"Di Martino, Beniamino",68;91,,zbMATH Open Web Interface contents unavailable due to conflicting licenses.,http://rd.springer.com/chapter/10.1007%2F3-540-48051-X_16,26,,,ALCOR,,,,"Dict{Symbol, Any}(:id => 26837, :name => ""Gensys"");Dict{Symbol, Any}(:id => 15482, :name => ""Uhlig Toolkit"");Dict{Symbol, Any}(:id => 558, :name => ""Matlab"");Dict{Symbol, Any}(:id => 4704, :name => ""Mizar"");Dict{Symbol, Any}(:id => 3062, :name => ""ANTLR"");Dict{Symbol, Any}(:id => 2489, :name => ""MPTP"");Dict{Symbol, Any}(:id => 32446, :name => ""Whelp"");Dict{Symbol, Any}(:id => 6970, :name => ""MML"");Dict{Symbol, Any}(:id => 4655, :name => ""MoMM"")",,"Dict{Symbol, Any}(:year => ""2002"", :authors => Any[], :id => 2089159, :title => ""zbMATH Open Web Interface contents unavailable due to conflicting licenses."", :source => ""zbMATH Open Web Interface contents unavailable due to conflicting licenses."")",https://zbmath.org/software/26
0,http://www.geom.uiuc.edu/,,,zbMATH Open Web Interface contents unavailable due to conflicting licenses.,http://www.geom.uiuc.edu/software/download/AlgCurve.html,27,,,AlgCurve,,,,,,,https://zbmath.org/software/27
1,"Esping, Björn J.D.",49;65;74,,zbMATH Open Web Interface contents unavailable due to conflicting licenses.,http://www.sciencedirect.com/science/article/pii/0045794986902907,28,dual problem;DEGEDEWE method;series of subproblems;first order approximation;Kristers LU method;one-step line search algorithm;cutting plane method;discrete design variables;convergence properties;ALIBABA nonlinear optimization package;OASIS structural optimization system,,ALIBABA,,,,,,"Dict{Symbol, Any}(:year => ""1986"", :authors => Any[], :id => 3956599, :title => ""zbMATH Open Web Interface contents unavailable due to conflicting licenses."", :source => ""zbMATH Open Web Interface contents unavailable due to conflicting licenses."")",https://zbmath.org/software/28
12,"Kovács, Laura",05;12;13;65;68;00;14,,zbMATH Open Web Interface contents unavailable due to conflicting licenses.,http://mtc.epfl.ch/software-tools/Aligator/,29,,,Aligator,,,,"Dict{Symbol, Any}(:id => 554, :name => ""Mathematica"");Dict{Symbol, Any}(:id => 14275, :name => ""fastZeil"");Dict{Symbol, Any}(:id => 14279, :name => ""Dependencies"");Dict{Symbol, Any}(:id => 26257, :name => ""Aligator.jl"");Dict{Symbol, Any}(:id => 33876, :name => ""hyper"");Dict{Symbol, Any}(:id => 4887, :name => ""z3"");Dict{Symbol, Any}(:id => 4143, :name => ""TPTP"");Dict{Symbol, Any}(:id => 3136, :name => ""SLAM"");Dict{Symbol, Any}(:id => 33877, :name => ""RISCErgoSum"");Dict{Symbol, Any}(:id => 2918, :name => ""VAMPIRE"");Dict{Symbol, Any}(:id => 10187, :name => ""E Theorem Prover"");Dict{Symbol, Any}(:id => 9723, :name => ""JAMPACK"");Dict{Symbol, Any}(:id => 9707, :name => ""iProver"");Dict{Symbol, Any}(:id => 8902, :name => ""JAMA"");Dict{Symbol, Any}(:id => 5562, :name => ""Orbital library"");Dict{Symbol, Any}(:id => 4334, :name => ""RSOLVER"");Dict{Symbol, Any}(:id => 4250, :name => ""REDLOG"");Dict{Symbol, Any}(:id => 3709, :name => ""KeYmaera"");Dict{Symbol, Any}(:id => 752, :name => ""QEPCAD"");Dict{Symbol, Any}(:id => 169, :name => ""CSDP"")",,"Dict{Symbol, Any}(:year => ""2008"", :authors => Any[], :id => 5374247, :title => ""zbMATH Open Web Interface contents unavailable due to conflicting licenses."", :source => ""zbMATH Open Web Interface contents unavailable due to conflicting licenses."")",https://zbmath.org/software/29
2,"Makrodimitris, Kosta;Fernandez, Erik J.;Woolf, Thomas B.;O'Connell, John P.",65;91;92,,zbMATH Open Web Interface contents unavailable due to conflicting licenses.,http://www.tandfonline.com/doi/abs/10.1080/08927020500108262,30,mesoscopic simulation;biomolecules;hydrophobic chromatography;biomembranes;Langevin function,,ALLD,,,,"Dict{Symbol, Any}(:id => 26798, :name => ""MMTK"");Dict{Symbol, Any}(:id => 6496, :name => ""MPI"")",,"Dict{Symbol, Any}(:year => ""2005"", :authors => Any[], :id => 2206637, :title => ""zbMATH Open Web Interface contents unavailable due to conflicting licenses."", :source => ""zbMATH Open Web Interface contents unavailable due to conflicting licenses."")",https://zbmath.org/software/30
7,"Berwanger, Dietmar;Chatterjee, Krishnendu;De Wulf, Martin;Doyen, Laurent;Henzinger, Thomas A.",68;90;91,,zbMATH Open Web Interface contents unavailable due to conflicting licenses.,http://rd.springer.com/chapter/10.1007%2F978-3-642-00768-2_7,32,,,Alpaga,,,,"Dict{Symbol, Any}(:id => 1186, :name => ""PRISM"");Dict{Symbol, Any}(:id => 25260, :name => ""Acacia+"");Dict{Symbol, Any}(:id => 3204, :name => ""POMDP"");Dict{Symbol, Any}(:id => 12935, :name => ""MOCHA"");Dict{Symbol, Any}(:id => 24778, :name => ""MCMAS-SLK"");Dict{Symbol, Any}(:id => 31992, :name => ""Mr. Waffles"");Dict{Symbol, Any}(:id => 31991, :name => ""CTLSAT"");Dict{Symbol, Any}(:id => 31989, :name => ""EAGLE"");Dict{Symbol, Any}(:id => 12912, :name => ""PRALINE"");Dict{Symbol, Any}(:id => 9463, :name => ""MCMAS"");Dict{Symbol, Any}(:id => 4702, :name => ""Uppaal"");Dict{Symbol, Any}(:id => 12913, :name => ""UPPAAL TIGA"");Dict{Symbol, Any}(:id => 20208, :name => ""Antichains"");Dict{Symbol, Any}(:id => 4446, :name => ""CUDD"")",,,https://zbmath.org/software/32
7,"Cook, Grant O.jun.;Painter, Jeffrey F.",00;45;65;68,,zbMATH Open Web Interface contents unavailable due to conflicting licenses.,http://dl.acm.org/citation.cfm?id=143260,33,automatic code generation;ALPAL;livermore physics applications language;nonlinear partial differential equations;integro-differential equations,,ALPAL,,,,"Dict{Symbol, Any}(:id => 4299, :name => ""GENTRAN"");Dict{Symbol, Any}(:id => 12688, :name => ""PDEQSOL"");Dict{Symbol, Any}(:id => 2203, :name => ""CTADEL"");Dict{Symbol, Any}(:id => 636, :name => ""NSPCG"");Dict{Symbol, Any}(:id => 503, :name => ""LAPACK"");Dict{Symbol, Any}(:id => 7692, :name => ""SPARSKIT"");Dict{Symbol, Any}(:id => 7104, :name => ""FINGER"");Dict{Symbol, Any}(:id => 4031, :name => ""ITSOL"");Dict{Symbol, Any}(:id => 1208, :name => ""ELLPACK"");Dict{Symbol, Any}(:id => 554, :name => ""Mathematica"");Dict{Symbol, Any}(:id => 1209, :name => ""MACSYMA"");Dict{Symbol, Any}(:id => 25130, :name => ""OpenSBLI"");Dict{Symbol, Any}(:id => 14864, :name => ""Loo.py"");Dict{Symbol, Any}(:id => 16638, :name => ""Devito"");Dict{Symbol, Any}(:id => 35949, :name => ""YASK"");Dict{Symbol, Any}(:id => 35948, :name => ""CGen"");Dict{Symbol, Any}(:id => 34026, :name => ""PDEL"");Dict{Symbol, Any}(:id => 22108, :name => ""Halide"");Dict{Symbol, Any}(:id => 19046, :name => ""Simflowny"");Dict{Symbol, Any}(:id => 15728, :name => ""PyFR"")",,"Dict{Symbol, Any}(:year => ""1992"", :authors => Any[], :id => 139711, :title => ""zbMATH Open Web Interface contents unavailable due to conflicting licenses."", :source => ""zbMATH Open Web Interface contents unavailable due to conflicting licenses."")",https://zbmath.org/software/33
10,Robert J. Vanderbei,00;65;81;90;94,,zbMATH Open Web Interface contents unavailable due to conflicting licenses.,http://joc.journal.informs.org/cgi/content/abstract/5/2/134,35,linear program algorithms,,ALPO,,,,"Dict{Symbol, Any}(:id => 5095, :name => ""MINOS"");Dict{Symbol, Any}(:id => 9295, :name => ""OSL"");Dict{Symbol, Any}(:id => 4342, :name => ""HOPDM"");Dict{Symbol, Any}(:id => 4978, :name => ""GAMS"");Dict{Symbol, Any}(:id => 8566, :name => ""symrcm"");Dict{Symbol, Any}(:id => 14267, :name => ""l1_ls"");Dict{Symbol, Any}(:id => 558, :name => ""Matlab"");Dict{Symbol, Any}(:id => 31782, :name => ""LPbook"");Dict{Symbol, Any}(:id => 8727, :name => ""CoSaMP"");Dict{Symbol, Any}(:id => 5148, :name => ""PDCO"");Dict{Symbol, Any}(:id => 2212, :name => ""LOQO"")",,"Dict{Symbol, Any}(:year => ""1993"", :authors => Any[], :id => 404911, :title => ""zbMATH Open Web Interface contents unavailable due to conflicting licenses."", :source => ""zbMATH Open Web Interface contents unavailable due to conflicting licenses."")",https://zbmath.org/software/35
17,"Ralphs, T.K.;Ládanyi, L.;Saltzman, M.J.",65;68;82;90;92,,zbMATH Open Web Interface contents unavailable due to conflicting licenses.,https://projects.coin-or.org/CHiPPS,36,,,ALPS,,,,"Dict{Symbol, Any}(:id => 6321, :name => ""BiCePS"");Dict{Symbol, Any}(:id => 7210, :name => ""CHiPPS"");Dict{Symbol, Any}(:id => 6319, :name => ""BLIS"");Dict{Symbol, Any}(:id => 4718, :name => ""SYMPHONY"");Dict{Symbol, Any}(:id => 2252, :name => ""PICO"");Dict{Symbol, Any}(:id => 4082, :name => ""CPLEX"");Dict{Symbol, Any}(:id => 4067, :name => ""MIPLIB"");Dict{Symbol, Any}(:id => 6292, :name => ""ParaSCIP"");Dict{Symbol, Any}(:id => 13809, :name => ""PEBBL"");Dict{Symbol, Any}(:id => 1091, :name => ""SCIP"");Dict{Symbol, Any}(:id => 3500, :name => ""UG"");Dict{Symbol, Any}(:id => 4615, :name => ""COIN-OR"");Dict{Symbol, Any}(:id => 2948, :name => ""ABACUS"");Dict{Symbol, Any}(:id => 4770, :name => ""Concorde"");Dict{Symbol, Any}(:id => 5421, :name => ""DSP"");Dict{Symbol, Any}(:id => 23170, :name => ""GitHub"");Dict{Symbol, Any}(:id => 17879, :name => ""ParaLEX"");Dict{Symbol, Any}(:id => 265, :name => ""FATCOP"");Dict{Symbol, Any}(:id => 7675, :name => ""MIPLIB2003"");Dict{Symbol, Any}(:id => 6291, :name => ""FiberSCIP"")",https://github.com/coin-or/CHiPPS-ALPS,"Dict{Symbol, Any}(:year => ""2004"", :authors => Any[], :id => 2153847, :title => ""zbMATH Open Web Interface contents unavailable due to conflicting licenses."", :source => ""zbMATH Open Web Interface contents unavailable due to conflicting licenses."")",https://zbmath.org/software/36
4,"Xiaoxu Guan, C.J. Noble, O. Zatsarinny, K. Bartschat, B.I. Schneider",35;65;81;82,,zbMATH Open Web Interface contents unavailable due to conflicting licenses.,http://cpc.cs.qub.ac.uk/summaries/AEDM_v1_0.html,37,Time-dependent Schr&ouml;dinger equation;Arnoldi-Lanczos;attosecond intense laser-atom interactions.,,ALTDSE,"Linux, OpenMP.",,"Fortran 95. [A Fortran 2003 call to &quot;flush&quot; is used to simplify monitoring the output file during execution. If this function is not available, these statements should be commented out.].","Dict{Symbol, Any}(:id => 503, :name => ""LAPACK"");Dict{Symbol, Any}(:id => 16758, :name => ""DMTDHF"");Dict{Symbol, Any}(:id => 3002, :name => ""GAMESS"");Dict{Symbol, Any}(:id => 25210, :name => ""SLIMP"");Dict{Symbol, Any}(:id => 12499, :name => ""Associated Legendre Functions"");Dict{Symbol, Any}(:id => 8525, :name => ""OCTOPUS"");Dict{Symbol, Any}(:id => 3258, :name => ""CUDA"");Dict{Symbol, Any}(:id => 37208, :name => ""Dirac++"");Dict{Symbol, Any}(:id => 16747, :name => ""Dirac_Laczos"");Dict{Symbol, Any}(:id => 9223, :name => ""Boost"");Dict{Symbol, Any}(:id => 758, :name => ""Qprop"");Dict{Symbol, Any}(:id => 17634, :name => ""CLTDSE"");Dict{Symbol, Any}(:id => 554, :name => ""Mathematica"")",,"Dict{Symbol, Any}(:year => ""2009"", :authors => Any[], :id => 5807155, :title => ""zbMATH Open Web Interface contents unavailable due to conflicting licenses."", :source => ""zbMATH Open Web Interface contents unavailable due to conflicting licenses."")",https://zbmath.org/software/37
40,"J. Gluza, K. Kajda, T. Riemann",33;65;68;81;83;11;14;16;17;30;46;70;82,Mathematica,zbMATH Open Web Interface contents unavailable due to conflicting licenses.,http://cpc.cs.qub.ac.uk/summaries/ADZR_v1_0.html,38,perturbative quantum field theory;Mellin-Barnes integrals;Feynman integrals.,,AMBRE,All.,,MATHEMATICA v.5.0 and later versions.,"Dict{Symbol, Any}(:id => 16360, :name => ""FIESTA"");Dict{Symbol, Any}(:id => 10421, :name => ""MBresolve"");Dict{Symbol, Any}(:id => 10420, :name => ""MBasymptotics"");Dict{Symbol, Any}(:id => 10354, :name => ""Reduze"");Dict{Symbol, Any}(:id => 554, :name => ""Mathematica"");Dict{Symbol, Any}(:id => 6109, :name => ""XSummer"");Dict{Symbol, Any}(:id => 21526, :name => ""MBsums"");Dict{Symbol, Any}(:id => 6834, :name => ""SecDec"");Dict{Symbol, Any}(:id => 16341, :name => ""LiteRed"");Dict{Symbol, Any}(:id => 10355, :name => ""FIRE"");Dict{Symbol, Any}(:id => 34816, :name => ""Kira"");Dict{Symbol, Any}(:id => 9051, :name => ""FORM"");Dict{Symbol, Any}(:id => 41940, :name => ""OreSys"");Dict{Symbol, Any}(:id => 173, :name => ""Cuba"");Dict{Symbol, Any}(:id => 31434, :name => ""MBnumerics"");Dict{Symbol, Any}(:id => 15013, :name => ""Nestedsums"");Dict{Symbol, Any}(:id => 10035, :name => ""HarmonicSums"");Dict{Symbol, Any}(:id => 425, :name => ""Hypexp"");Dict{Symbol, Any}(:id => 41195, :name => ""FiniteFlow"");Dict{Symbol, Any}(:id => 25867, :name => ""HyperInt"")",,"Dict{Symbol, Any}(:year => ""2007"", :authors => Any[], :id => 5801742, :title => ""zbMATH Open Web Interface contents unavailable due to conflicting licenses."", :source => ""zbMATH Open Web Interface contents unavailable due to conflicting licenses."")",https://zbmath.org/software/38
69,"Amestoy, Patrick R.;Enseeith-Irit;Davis, Timothy A.;Duff, Iain S.",05;49;65;74;90;12;14;15;34;35;41;62;68;76;78;80;91;92;93,Matlab,zbMATH Open Web Interface contents unavailable due to conflicting licenses.,http://gams.nist.gov/cgi-bin/serve.cgi/Package/AMD,39,direct method;matrix factorization algorithm;meshless methods;numerical examples;Petrov-Galerkin method,,AMD,,,,"Dict{Symbol, Any}(:id => 4629, :name => ""SparseMatrix"");Dict{Symbol, Any}(:id => 20382, :name => ""CSparse"");Dict{Symbol, Any}(:id => 558, :name => ""Matlab"");Dict{Symbol, Any}(:id => 507, :name => ""LDL"");Dict{Symbol, Any}(:id => 989, :name => ""UMFPACK"");Dict{Symbol, Any}(:id => 4412, :name => ""CHOLMOD"");Dict{Symbol, Any}(:id => 4013, :name => ""MUMPS"");Dict{Symbol, Any}(:id => 536, :name => ""MA57"");Dict{Symbol, Any}(:id => 418, :name => ""HSL"");Dict{Symbol, Any}(:id => 6365, :name => ""KLU"");Dict{Symbol, Any}(:id => 145, :name => ""COLAMD"");Dict{Symbol, Any}(:id => 4618, :name => ""Mosek"");Dict{Symbol, Any}(:id => 503, :name => ""LAPACK"");Dict{Symbol, Any}(:id => 4089, :name => ""METIS"");Dict{Symbol, Any}(:id => 4012, :name => ""PETSc"");Dict{Symbol, Any}(:id => 23170, :name => ""GitHub"");Dict{Symbol, Any}(:id => 4009, :name => ""SDPT3"");Dict{Symbol, Any}(:id => 4002, :name => ""SeDuMi"");Dict{Symbol, Any}(:id => 48, :name => ""ARMS"");Dict{Symbol, Any}(:id => 930, :name => ""SuperLU"")",,"Dict{Symbol, Any}(:year => ""2004"", :authors => Any[], :id => 2187991, :title => ""zbMATH Open Web Interface contents unavailable due to conflicting licenses."", :source => ""zbMATH Open Web Interface contents unavailable due to conflicting licenses."")",https://zbmath.org/software/39
1,"Yuan, X.;Roig, C.;Ripoll, A.;Senar, M.A.;Guirado, F.;Luque, E.",68,,zbMATH Open Web Interface contents unavailable due to conflicting licenses.,http://www.springerlink.com/content/2u4edk1480vrbt3y/,40,,,AMEEDA,,,,,,"Dict{Symbol, Any}(:year => ""2002"", :authors => Any[], :id => 2090590, :title => ""zbMATH Open Web Interface contents unavailable due to conflicting licenses."", :source => ""zbMATH Open Web Interface contents unavailable due to conflicting licenses."")",https://zbmath.org/software/40
1,"Hirschsohn, I.",,,zbMATH Open Web Interface contents unavailable due to conflicting licenses.,http://portal.acm.org/citation.cfm?id=362746,41,computer science and automata,,AMESPLOT,,,,,,"Dict{Symbol, Any}(:year => ""1970"", :authors => Any[], :id => 3318306, :title => ""zbMATH Open Web Interface contents unavailable due to conflicting licenses."", :source => ""zbMATH Open Web Interface contents unavailable due to conflicting licenses."")",https://zbmath.org/software/41
1,"Dmitrii Silvestrov, Anatoliy Malyarenko",62;91,Java Runtime Environment,zbMATH Open Web Interface contents unavailable due to conflicting licenses.,http://www.nbuv.gov.ua/portal/natural/tsp/texts/2007_13_4/2007_13_4_15.pdf,43,Analytical finance;applet;Java;stochastic simulation,free,Analytical Finance Package,"Linux x86, Win32, Mac OS X",,,,,"Dict{Symbol, Any}(:year => ""2007"", :authors => Any[], :id => 5520765, :title => ""zbMATH Open Web Interface contents unavailable due to conflicting licenses."", :source => ""zbMATH Open Web Interface contents unavailable due to conflicting licenses."")",https://zbmath.org/software/43
811,"John Swanson, Ansys Inc.",65;74;76;80;92;00;03;05;26;30;33;34;35;37;41;45;47;49;51;53;62;68;70;78;82;86;90;91;93;94;97,,zbMATH Open Web Interface contents unavailable due to conflicting licenses.,http://www.ansys.com/,44,Pre-stress;Modal analysis;Vibrations;Finite elements;ANSYS,,ANSYS,,,,"Dict{Symbol, Any}(:id => 4215, :name => ""ABAQUS"");Dict{Symbol, Any}(:id => 558, :name => ""Matlab"");Dict{Symbol, Any}(:id => 4263, :name => ""FLUENT"");Dict{Symbol, Any}(:id => 6391, :name => ""ANSYS-CFX"");Dict{Symbol, Any}(:id => 4245, :name => ""NASTRAN"");Dict{Symbol, Any}(:id => 4091, :name => ""COMSOL"");Dict{Symbol, Any}(:id => 33987, :name => ""APDL"");Dict{Symbol, Any}(:id => 4317, :name => ""OpenFOAM"");Dict{Symbol, Any}(:id => 3068, :name => ""LS-DYNA"");Dict{Symbol, Any}(:id => 1175, :name => ""ADINA"");Dict{Symbol, Any}(:id => 554, :name => ""Mathematica"");Dict{Symbol, Any}(:id => 4012, :name => ""PETSc"");Dict{Symbol, Any}(:id => 6128, :name => ""ParaView"");Dict{Symbol, Any}(:id => 40754, :name => ""Spalart-Allmaras"");Dict{Symbol, Any}(:id => 14460, :name => ""Python"");Dict{Symbol, Any}(:id => 10822, :name => ""FEAPpv"");Dict{Symbol, Any}(:id => 3258, :name => ""CUDA"");Dict{Symbol, Any}(:id => 7161, :name => ""ABAQUS/Standard"");Dict{Symbol, Any}(:id => 4218, :name => ""ARPACK"");Dict{Symbol, Any}(:id => 503, :name => ""LAPACK"")",,,https://zbmath.org/software/44
83,"Jeannet, Bertrand;Miné, Antoine",52;65;68;76;90;03;05;35;60;62;70;86;93;94,,zbMATH Open Web Interface contents unavailable due to conflicting licenses.,http://apron.cri.ensmp.fr/library/0.9.10/apron.pdf,45,,,Apron,,,,"Dict{Symbol, Any}(:id => 13704, :name => ""ASTREE"");Dict{Symbol, Any}(:id => 5357, :name => ""PPL"");Dict{Symbol, Any}(:id => 4887, :name => ""z3"");Dict{Symbol, Any}(:id => 161, :name => ""Coq"");Dict{Symbol, Any}(:id => 13702, :name => ""Octagon"");Dict{Symbol, Any}(:id => 6363, :name => ""OCaml"");Dict{Symbol, Any}(:id => 13095, :name => ""PAGAI"");Dict{Symbol, Any}(:id => 4125, :name => ""HyTech"");Dict{Symbol, Any}(:id => 9095, :name => ""Interproc"");Dict{Symbol, Any}(:id => 4103, :name => ""SMT-LIB"");Dict{Symbol, Any}(:id => 9485, :name => ""CVC4"");Dict{Symbol, Any}(:id => 4438, :name => ""Why3"");Dict{Symbol, Any}(:id => 4954, :name => ""Aspic"");Dict{Symbol, Any}(:id => 4953, :name => ""Dagger"");Dict{Symbol, Any}(:id => 9569, :name => ""MathSAT5"");Dict{Symbol, Any}(:id => 7260, :name => ""DART"");Dict{Symbol, Any}(:id => 7714, :name => ""Boogie"");Dict{Symbol, Any}(:id => 4894, :name => ""KLEE"");Dict{Symbol, Any}(:id => 23170, :name => ""GitHub"");Dict{Symbol, Any}(:id => 724, :name => ""polymake"")",,,https://zbmath.org/software/45
39,Tapio Schneider;Arnold Neumaier,62;68;92;93;94;37;60;65;76;85;86;90;91,Matlab,zbMATH Open Web Interface contents unavailable due to conflicting licenses.,http://climate-dynamics.org/software/#arfit,46,Matlab;multivariate time series;autoregressive models;statistics,,ARfit,,,Matlab,"Dict{Symbol, Any}(:id => 7225, :name => ""FastICA"");Dict{Symbol, Any}(:id => 558, :name => ""Matlab"");Dict{Symbol, Any}(:id => 4827, :name => ""mctoolbox"");Dict{Symbol, Any}(:id => 15047, :name => ""ICALAB"");Dict{Symbol, Any}(:id => 11210, :name => ""itsmr"");Dict{Symbol, Any}(:id => 8341, :name => ""ODEPACK"");Dict{Symbol, Any}(:id => 2066, :name => ""EnKF"");Dict{Symbol, Any}(:id => 18380, :name => ""glinternet"");Dict{Symbol, Any}(:id => 19105, :name => ""bootstrap"");Dict{Symbol, Any}(:id => 12177, :name => ""TETRAD"");Dict{Symbol, Any}(:id => 7868, :name => ""LMOMENTS"");Dict{Symbol, Any}(:id => 23856, :name => ""extRemes"");Dict{Symbol, Any}(:id => 11209, :name => ""ismev"");Dict{Symbol, Any}(:id => 1410, :name => ""MSLiP"");Dict{Symbol, Any}(:id => 11944, :name => ""sapa"");Dict{Symbol, Any}(:id => 646, :name => ""Octave"");Dict{Symbol, Any}(:id => 7368, :name => ""EEGLAB"");Dict{Symbol, Any}(:id => 11126, :name => ""Flury"")",,"Dict{Symbol, Any}(:year => ""2001"", :authors => Any[], :id => 2187790, :title => ""zbMATH Open Web Interface contents unavailable due to conflicting licenses."", :source => ""zbMATH Open Web Interface contents unavailable due to conflicting licenses."")",https://zbmath.org/software/46
2,"Zhou, Haofeng;Zhu, Jianqiu;Zhu, Yangyong;Shi, Baile",68,,zbMATH Open Web Interface contents unavailable due to conflicting licenses.,http://portal.acm.org/citation.cfm?id=606105,47,concept hierarchy,,ARMiner,,,,,,"Dict{Symbol, Any}(:year => ""2002"", :authors => Any[], :id => 1843980, :title => ""zbMATH Open Web Interface contents unavailable due to conflicting licenses."", :source => ""zbMATH Open Web Interface contents unavailable due to conflicting licenses."")",https://zbmath.org/software/47
69,"Saad, Y.;Suchomel, B.",35;62;65;68;76;01;05;15;60;74;78;86;92;94,,zbMATH Open Web Interface contents unavailable due to conflicting licenses.,http://www-users.cs.umn.edu/~saad/software/,48,incomplete LU factorization;ILUT;multilevel ILU preconditioner;Krylov subspace methods;multi-elimination;recursive solution;Nested dissection;mutigrid,,ARMS,,,,"Dict{Symbol, Any}(:id => 8734, :name => ""ILUT"");Dict{Symbol, Any}(:id => 4629, :name => ""SparseMatrix"");Dict{Symbol, Any}(:id => 7244, :name => ""ILUM"");Dict{Symbol, Any}(:id => 683, :name => ""pARMS"");Dict{Symbol, Any}(:id => 7243, :name => ""BILUTM"");Dict{Symbol, Any}(:id => 4015, :name => ""BILUM"");Dict{Symbol, Any}(:id => 8566, :name => ""symrcm"");Dict{Symbol, Any}(:id => 10477, :name => ""ILUPACK"");Dict{Symbol, Any}(:id => 4013, :name => ""MUMPS"");Dict{Symbol, Any}(:id => 503, :name => ""LAPACK"");Dict{Symbol, Any}(:id => 9387, :name => ""VBARMS"");Dict{Symbol, Any}(:id => 679, :name => ""PARDISO"");Dict{Symbol, Any}(:id => 39, :name => ""AMD"");Dict{Symbol, Any}(:id => 12938, :name => ""BFSAI-IC"");Dict{Symbol, Any}(:id => 86, :name => ""BoomerAMG"");Dict{Symbol, Any}(:id => 5807, :name => ""BPKit"");Dict{Symbol, Any}(:id => 3216, :name => ""BLAS"");Dict{Symbol, Any}(:id => 7692, :name => ""SPARSKIT"");Dict{Symbol, Any}(:id => 4089, :name => ""METIS"");Dict{Symbol, Any}(:id => 4031, :name => ""ITSOL"")",,"Dict{Symbol, Any}(:year => ""2002"", :authors => Any[], :id => 2206702, :title => ""zbMATH Open Web Interface contents unavailable due to conflicting licenses."", :source => ""zbMATH Open Web Interface contents unavailable due to conflicting licenses."")",https://zbmath.org/software/48
14,"Buša, Ján;Džurina, Jozef;Hayryan, Edik;Hayryan, Shura;Hu, Chin-Kun;Plavka, Ján;Pokorný, Imrich;Skřivánek, Jaroslav;Wu, Ming-Chya",58;65;68;82;92;00;35;37;45;51;52;53;60;70;94,,zbMATH Open Web Interface contents unavailable due to conflicting licenses.,http://cpc.cs.qub.ac.uk/summaries/ADUL_v1_0.html,49,proteins;analytical equations;stereographic projection;percolation probability,,ARVO,LINUX system and Windows 98 system.,,FORTRAN 77.,"Dict{Symbol, Any}(:id => 882, :name => ""SMMP"");Dict{Symbol, Any}(:id => 9282, :name => ""CAVE"");Dict{Symbol, Any}(:id => 12497, :name => ""SURFNET"");Dict{Symbol, Any}(:id => 12496, :name => ""VADAR"");Dict{Symbol, Any}(:id => 33406, :name => ""OBBTree"");Dict{Symbol, Any}(:id => 22513, :name => ""OPCODE"");Dict{Symbol, Any}(:id => 14142, :name => ""DiFi"")",,"Dict{Symbol, Any}(:year => ""2005"", :authors => Any[], :id => 5801453, :title => ""zbMATH Open Web Interface contents unavailable due to conflicting licenses."", :source => ""zbMATH Open Web Interface contents unavailable due to conflicting licenses."")",https://zbmath.org/software/49
6,"Claire Lefèvre, Pascal Nicolas, Stéphane Ngoma",68,dependencies,zbMATH Open Web Interface contents unavailable due to conflicting licenses.,http://www.info.univ-angers.fr/pub/claire/asperix/,50,keywords,GNU Public Licence,ASPeRiX,multi platform,,C++,"Dict{Symbol, Any}(:id => 2524, :name => ""ASSAT"");Dict{Symbol, Any}(:id => 4630, :name => ""Gringo"");Dict{Symbol, Any}(:id => 33084, :name => ""OMiGA"");Dict{Symbol, Any}(:id => 9893, :name => ""Clingo"");Dict{Symbol, Any}(:id => 4631, :name => ""Smodels"");Dict{Symbol, Any}(:id => 577, :name => ""MiniSat"");Dict{Symbol, Any}(:id => 7096, :name => ""GASP"");Dict{Symbol, Any}(:id => 4435, :name => ""Cmodels"");Dict{Symbol, Any}(:id => 367, :name => ""GNT"")",,,https://zbmath.org/software/50
16,Thomas Hellström,60;62;68;90;91;86;93,as MATLAB function or as Windows application to be run under MATLAB,zbMATH Open Web Interface contents unavailable due to conflicting licenses.,http://www8.cs.umu.se/~thomash/reports/astahome.htm,51,trading rules;trading simulations;returns;ranks;stock predictions,free for academic use,ASTA,Windows,,MATLAB,"Dict{Symbol, Any}(:id => 558, :name => ""Matlab"")",,"Dict{Symbol, Any}(:year => ""1999"", :authors => Any[], :id => 1475701, :title => ""zbMATH Open Web Interface contents unavailable due to conflicting licenses."", :source => ""zbMATH Open Web Interface contents unavailable due to conflicting licenses."")",https://zbmath.org/software/51
12,"Contini, S.;Scheer, S.;Wilikens, M.;de Cola, G.;Cojazzi, G.",01;03;65;68;74;00;44;81;85;92,,zbMATH Open Web Interface contents unavailable due to conflicting licenses.,http://rd.springer.com/chapter/10.1007/978-3-7091-6355-9_6,52,,,ASTRA,,,,"Dict{Symbol, Any}(:id => 8365, :name => ""SPGL1"");Dict{Symbol, Any}(:id => 558, :name => ""Matlab"");Dict{Symbol, Any}(:id => 27583, :name => ""TVR-DART"");Dict{Symbol, Any}(:id => 14526, :name => ""STIR"");Dict{Symbol, Any}(:id => 14525, :name => ""tomoRecon"");Dict{Symbol, Any}(:id => 14524, :name => ""ASTRA"");Dict{Symbol, Any}(:id => 6241, :name => ""Spot"")",,"Dict{Symbol, Any}(:year => ""1999"", :authors => Any[], :id => 1390246, :title => ""zbMATH Open Web Interface contents unavailable due to conflicting licenses."", :source => ""zbMATH Open Web Interface contents unavailable due to conflicting licenses."")",https://zbmath.org/software/52
10,"A.G. Abrashkevich, I.V. Puzynin, S.I. Vinitsky",34;35;60;62;65;58;92,,zbMATH Open Web Interface contents unavailable due to conflicting licenses.,http://cpc.cs.qub.ac.uk/summaries/ADLL,53,Atomic physics;Structure;Scattering;Electron;Two-electron systems;Hyperspherical Coordinates;Schrodinger equation;Adiabatic approach;Potential curves;Adiabatic potentials;Perturbation theory;Dipole asymptotics;Second-order corrections,adll_v1_0 Licence.,ASYMPT,"IRIX64 6.1/6.4, AIX 3.2.5, HP-UX 9.01, Linux 2.0.36",,Fortran,"Dict{Symbol, Any}(:id => 19948, :name => ""POTHEA"");Dict{Symbol, Any}(:id => 2828, :name => ""KANTBP 2.0"");Dict{Symbol, Any}(:id => 1342, :name => ""POTHMF"");Dict{Symbol, Any}(:id => 648, :name => ""ODPEVP"");Dict{Symbol, Any}(:id => 482, :name => ""KANTBP"")",,"Dict{Symbol, Any}(:year => ""2000"", :authors => Any[], :id => 1437225, :title => ""zbMATH Open Web Interface contents unavailable due to conflicting licenses."", :source => ""zbMATH Open Web Interface contents unavailable due to conflicting licenses."")",https://zbmath.org/software/53
1,"Gerdt, V.P.;Khutornoj, N.V.;Zharkov, A.Yu.",13;68,,zbMATH Open Web Interface contents unavailable due to conflicting licenses.,http://inis.iaea.org/search/search.aspx?orig_q=RN:24048185,54,REDUCE;systems of polynomial equations;Groebner bases,,ASYS,,,,"Dict{Symbol, Any}(:id => 1048, :name => ""Felix"");Dict{Symbol, Any}(:id => 789, :name => ""REDUCE"")",,,https://zbmath.org/software/54
12,"V.A. Ilyin, A.P. Kryukov",13;20;53;65;68;05;15;16;60;81;91,,zbMATH Open Web Interface contents unavailable due to conflicting licenses.,http://cpc.cs.qub.ac.uk/summaries/ADDQ_v1_0.html,55,Tensor;Symmetry;Multiterm linear  Identities;Dummy indices;Simplification;Permutation group;Reduce;Computer algebra.,,ATENSOR,UNIX.,,Reduce.,"Dict{Symbol, Any}(:id => 9364, :name => ""MathTensor"");Dict{Symbol, Any}(:id => 805, :name => ""Riegeom"");Dict{Symbol, Any}(:id => 446, :name => ""Invar"");Dict{Symbol, Any}(:id => 789, :name => ""REDUCE"");Dict{Symbol, Any}(:id => 4984, :name => ""xTensor"");Dict{Symbol, Any}(:id => 393, :name => ""GRTensorII"");Dict{Symbol, Any}(:id => 97, :name => ""Cadabra"");Dict{Symbol, Any}(:id => 16359, :name => ""Ricci"");Dict{Symbol, Any}(:id => 20303, :name => ""Redberry"");Dict{Symbol, Any}(:id => 9051, :name => ""FORM"");Dict{Symbol, Any}(:id => 102, :name => ""Canon"");Dict{Symbol, Any}(:id => 855, :name => ""SHEEP"");Dict{Symbol, Any}(:id => 6018, :name => ""Redten"");Dict{Symbol, Any}(:id => 545, :name => ""Maple"");Dict{Symbol, Any}(:id => 7593, :name => ""DifferentialGeometry"");Dict{Symbol, Any}(:id => 560, :name => ""Maxima"");Dict{Symbol, Any}(:id => 37557, :name => ""xTerior"");Dict{Symbol, Any}(:id => 6294, :name => ""NumPy"");Dict{Symbol, Any}(:id => 6590, :name => ""Matplotlib"");Dict{Symbol, Any}(:id => 15655, :name => ""IPython"")",,"Dict{Symbol, Any}(:year => ""1996"", :authors => Any[], :id => 1274745, :title => ""zbMATH Open Web Interface contents unavailable due to conflicting licenses."", :source => ""zbMATH Open Web Interface contents unavailable due to conflicting licenses."")",https://zbmath.org/software/55
204,R. Clint Whaley,15;65;68;76;90;01;05;08;11;12;14;17;20;22;34;35;37;41;42;47;55;62;70;74;78;81;82;86;92;94,,zbMATH Open Web Interface contents unavailable due to conflicting licenses.,http://math-atlas.sourceforge.net/,56,orms,,ATLAS,,262,,"Dict{Symbol, Any}(:id => 503, :name => ""LAPACK"");Dict{Symbol, Any}(:id => 3216, :name => ""BLAS"");Dict{Symbol, Any}(:id => 4898, :name => ""PHiPAC"");Dict{Symbol, Any}(:id => 4126, :name => ""FFTW"");Dict{Symbol, Any}(:id => 830, :name => ""ScaLAPACK"");Dict{Symbol, Any}(:id => 7006, :name => ""OSKI"");Dict{Symbol, Any}(:id => 558, :name => ""Matlab"");Dict{Symbol, Any}(:id => 4827, :name => ""mctoolbox"");Dict{Symbol, Any}(:id => 903, :name => ""SPIRAL"");Dict{Symbol, Any}(:id => 4629, :name => ""SparseMatrix"");Dict{Symbol, Any}(:id => 2792, :name => ""GEMM"");Dict{Symbol, Any}(:id => 6975, :name => ""MKL"");Dict{Symbol, Any}(:id => 293, :name => ""FLAME"");Dict{Symbol, Any}(:id => 3258, :name => ""CUDA"");Dict{Symbol, Any}(:id => 4268, :name => ""PLAPACK"");Dict{Symbol, Any}(:id => 4209, :name => ""LINPACK"");Dict{Symbol, Any}(:id => 4208, :name => ""EISPACK"");Dict{Symbol, Any}(:id => 771, :name => ""R"");Dict{Symbol, Any}(:id => 4021, :name => ""JDQR"");Dict{Symbol, Any}(:id => 12617, :name => ""OpenBLAS"")",,"Dict{Symbol, Any}(:year => ""2001"", :authors => Any[], :id => 1635123, :title => ""zbMATH Open Web Interface contents unavailable due to conflicting licenses."", :source => ""zbMATH Open Web Interface contents unavailable due to conflicting licenses."")",https://zbmath.org/software/56
4,"S. Stamatiadis, R. Prosmiti, S.C. Farantos",65;68,,zbMATH Open Web Interface contents unavailable due to conflicting licenses.,http://cpc.cs.qub.ac.uk/summaries/ADLS_v1_0.html,57,General purpose;Differential equations;Molecular physics;Vibration;Automatic;Differentiation;Derivatives;Fortran 90;Potential energy;Surfaces;Molecular dynamics;Non linear mechanics.,,AUTO_DERIV,"GNU/Linux, AIX 4.3, HP-UX B.10.01.",,Fortran.,"Dict{Symbol, Any}(:id => 2185, :name => ""ADIFOR"");Dict{Symbol, Any}(:id => 19, :name => ""ADOL-C"");Dict{Symbol, Any}(:id => 725, :name => ""POMULT"");Dict{Symbol, Any}(:id => 7711, :name => ""Cosy"");Dict{Symbol, Any}(:id => 950, :name => ""TaylUR"");Dict{Symbol, Any}(:id => 418, :name => ""HSL"");Dict{Symbol, Any}(:id => 17, :name => ""ADF95"");Dict{Symbol, Any}(:id => 14460, :name => ""Python"");Dict{Symbol, Any}(:id => 2687, :name => ""ADMIT"");Dict{Symbol, Any}(:id => 12533, :name => ""Odyssee"");Dict{Symbol, Any}(:id => 12526, :name => ""AD01"");Dict{Symbol, Any}(:id => 10821, :name => ""AceGen"");Dict{Symbol, Any}(:id => 8807, :name => ""SUIF"");Dict{Symbol, Any}(:id => 7492, :name => ""TAF"");Dict{Symbol, Any}(:id => 7198, :name => ""TAMC"");Dict{Symbol, Any}(:id => 6647, :name => ""ADiMat"");Dict{Symbol, Any}(:id => 4978, :name => ""GAMS"");Dict{Symbol, Any}(:id => 4891, :name => ""ROSE"");Dict{Symbol, Any}(:id => 4866, :name => ""CppAD"");Dict{Symbol, Any}(:id => 4863, :name => ""FADBAD++"")",,"Dict{Symbol, Any}(:year => ""2010"", :authors => Any[], :id => 5915781, :title => ""zbMATH Open Web Interface contents unavailable due to conflicting licenses."", :source => ""zbMATH Open Web Interface contents unavailable due to conflicting licenses."");Dict{Symbol, Any}(:year => ""2000"", :authors => Any[], :id => 1485020, :title => ""zbMATH Open Web Interface contents unavailable due to conflicting licenses."", :source => ""zbMATH Open Web Interface contents unavailable due to conflicting licenses."")",https://zbmath.org/software/57
